2;Iao?iaa Aiia Aieo?eaaia;2;petrova@dobroe.ru;coord1;coord001
3;Eaaiia Aeaenae Na?aaaae?;2;ivanov@dobroe.ru;coord2;coord002
4;Nie?iiaa Ieuaa Aeeoi?iaia;3;smirnova@mail.ru;vol1;vol001
5;Ai?iiia Iaaae Aeaenaaae?;3;voronov@mail.ru;vol2;vol002
6;Caoa?iaa ?eey Na?aaaaia;3;zaharova@mail.ru;vol3;vol003
7;Nieieia A?oai Aieo?eaae?;3;sokolov@mail.ru;vol4;vol004
8;I?eiaa Ia?ey Aeaaeie?iaia;3;orlova@mail.ru;vol5;vol005
9;Oeiioaaa Eai?u Ieaaiae?;3;timofeev@mail.ru;vol6;vol006
10;Eiaaeaaa Aeaia Iao?iaia;3;kovalova@mail.ru;vol7;vol007
11;Ii?icia Aieo?ee Aeaenaaae?;3;morozov@mail.ru;vol8;vol008
12;Eaaaaaaa Aiia Aeeoi?iaia;3;lebedeva@mail.ru;vol9;vol009
13;Iiaeeia Na?aae Eaaiiae?;3;novikov@mail.ru;vol10;vol010
14;Iaaeiaa Ieuaa Ieoaeeiaia;3;pavlova@mail.ru;vol11;vol011
15;A?eai?uaa Eaai Na?aaaae?;3;grigoriev@mail.ru;vol12;vol012
16;Oaai?iaa Iaoaeuy Aeaenaaaia;3;fedorova@mail.ru;vol13;vol013
17;Aieo?eaa Iaaae Aeaaeie?iae?;3;dmitriev@mail.ru;vol14;vol014
18;Aai?iaa Oaouyia Eai?aaia;3;egorova@mail.ru;vol15;vol015
19;Noaiaiia Aeeoi? Iao?iae?;3;stepanov@mail.ru;vol16;vol016
20;Iaea?iaa E?eia Ieeieaaaia;3;makarova@mail.ru;vol17;vol017
21;E?ueia Aia?ae Aaneeuaae?;3;krylov@mail.ru;vol18;vol018
22;Oeeeiiia Ieoaee Na?aaaae?;3;filippov@mail.ru;vol19;vol019
23;Aaeiaa Naaoeaia Aieo?eaaia;3;belova@mail.ru;vol20;vol020
24;Ieoaeeia Aaien Aeaenaaae?;2;mihailov@dobroe.ru;coord3;coord003
25;Iiiiaa Aiia Aeaaeie?iaia;2;popova@dobroe.ru;coord4;coord004
